Year,Semester,Time,Enrollment,Overall,Letter,Test1,Test2,Test3,Test4,Final,Homework,Classwork
2018,Fall,MTWR 200-250,25,82.08,B,76,76,86,n/a,71,94.71,81.48
2018,Fall,MTWR 200-250,25,78.13,C,68,77,69,n/a,54.5,98.24,84.62
2018,Fall,MTWR 200-250,25,90.03,A,76,89,98,n/a,82.5,97.06,96.15
2018,Fall,MTWR 200-250,25,30.03,F,87,84,35,n/a,0,0,40
2018,Fall,MTWR 200-250,25,96.15,A,90,98,98,n/a,87.5,100,100
2018,Fall,MTWR 200-250,25,84.18,B,47,89,63,n/a,84,99.41,100
2018,Fall,MTWR 200-250,25,87.03,B,79,96,91,n/a,85,99.41,100
2018,Fall,MTWR 200-250,25,90.79,A,88,92,76,n/a,92,99.41,100
2018,Fall,MTWR 200-250,25,44.36,F,38,51,36,n/a,34,33.53,76.92
2018,Fall,MTWR 200-250,25,81.36,B,24,74,67,n/a,81,100,100
2018,Fall,MTWR 200-250,25,81.45,B,75,77,73,n/a,55,94.12,77.78
2018,Fall,MTWR 200-250,25,78.55,C,69,47,83,n/a,50,97.65,100
2018,Fall,MTWR 200-250,25,43.28,F,49,74,41,n/a,16.5,25.63,100
2018,Fall,MTWR 200-250,25,63.7,D,38,71,15,n/a,41,94.12,92.59
2018,Fall,MTWR 200-250,25,96.67,A,90,93,96,n/a,97.5,100,100
2018,Fall,MTWR 200-250,25,94.75,A,95,99,98,n/a,77,100,100
2018,Fall,MTWR 200-250,25,61.9,D,48,60,83,n/a,0,72.94,92.59
2018,Fall,MTWR 200-250,25,89.95,B,86,89,74,n/a,75.5,97.65,100
2018,Fall,MTWR 200-250,25,79.83,C,58,87,69,n/a,69,98.82,100
2018,Fall,MTWR 200-250,25,71.73,C,13,75,54,n/a,75.5,93.53,100
2018,Fall,MTWR 200-250,25,71.98,C,55,64,20,n/a,51,100,100
2018,Fall,MTWR 200-250,25,83.44,B,96,100,98,n/a,72.5,76.47,73.08
2018,Fall,MTWR 200-250,25,68.5,D,84,90,42,n/a,47.5,66.47,92.59
2018,Fall,MTWR 200-250,25,59.42,F,72,67,0,n/a,35,88.24,70.37
2018,Fall,MTWR 200-250,25,75.69,C,46,68,51,n/a,76,100,81.48
2019,Spring,"MW 100-150, TR 1230-0120",26,44.61,F,96,93,71,n/a,0,12,68.97
2019,Fall,"MW 100-150, TR 1230-0120",27,79.35,C,93,76,100,63,91,51.88,94.44
2019,Fall,MTWR 200-250,30,91.25,A,94,76,93,89,92,96.25,100
2019,Spring,"MW 200-315, F 200-250 (sched error)",20,91.18,A,93,95,89,n/a,83.5,96,100
2019,Fall,"MW 100-150, TR 1230-0120",27,79.66,C,90,48,85,88,74,90,85.71
2019,Spring,"MW 100-150, TR 1230-0120",26,64.37,D,57,57,71,n/a,38.5,93,90.52
2019,Fall,MTWR 200-250,30,91.64,A,85,85,90,97,99,88.82,90
2019,Spring,"MW 200-315, F 200-250 (sched error)",20,89.97,B,92,96,81,n/a,81,99,100
2019,Fall,MTWR 200-250,30,80.08,B,65,96,74,94,72,83.53,85
2019,Spring,"MW 200-315, F 200-250 (sched error)",20,99.02,A,100,96,100,n/a,98.5,100,100
2019,Fall,MTWR 200-250,30,60.48,D,25,34,20,89,76,82.94,77.78
2019,Fall,"MW 100-150, TR 1230-0120",27,92.65,A,99,79,95,99,95,90.59,85.71
2019,Fall,"MW 100-150, TR 1230-0120",27,95.8,A,94,89,97,95,100,95.88,95
2019,Spring,"MW 200-315, F 200-250 (sched error)",20,85.75,B,85,76,79,n/a,79.5,99.5,100
2019,Spring,"MW 100-150, TR 1230-0120",26,77.44,C,72,82,84,n/a,72,72,95.83
2019,Fall,MTWR 200-250,30,83.71,B,87,95,70,93,73,86.67,100
2019,Fall,MTWR 200-250,30,85.1,B,89,85,94,84,83,81.76,80
2019,Spring,"MW 200-315, F 200-250 (sched error)",20,79.19,C,69,73,64,n/a,84,82.63,100
2019,Fall,MTWR 200-250,30,73.4,C,71,65,32,94,88,68.24,100
2019,Spring,"MW 100-150, TR 1230-0120",26,40.48,F,58,71,0,n/a,0,84,63.1
2019,Spring,"MW 100-150, TR 1230-0120",26,72.66,C,80,63,81,n/a,47.5,93,98.28
2019,Spring,"MW 100-150, TR 1230-0120",26,81.58,B,91,64,80,n/a,69,98,98.96
2019,Fall,MTWR 200-250,30,79.5,C,76,61,89,94,70,86.25,95
2019,Fall,"MW 100-150, TR 1230-0120",27,22.15,F,17,13,27,0,5,46.67,88.89
2019,Fall,"MW 100-150, TR 1230-0120",27,86.64,B,88,93,95,62,87,92.94,80.95
2019,Fall,MTWR 200-250,30,46.47,F,34,43,73,22,18,80,89.47
2019,Fall,"MW 100-150, TR 1230-0120",27,83.38,B,93,69,95,78,84,80,90
2019,Spring,"MW 200-315, F 200-250 (sched error)",20,61,D,83,94,77,n/a,49.5,31.58,59.44
2019,Fall,"MW 100-150, TR 1230-0120",27,84.05,B,86,84,94,89,72,89.38,80.95
2019,Spring,"MW 100-150, TR 1230-0120",26,72.09,C,37,55,78,n/a,69.5,95,91.38
2019,Fall,"MW 100-150, TR 1230-0120",27,46.46,F,39,68,53,34,33,46,95.24
2019,Spring,"MW 200-315, F 200-250 (sched error)",20,23.63,F,56,37,13,n/a,0,24.21,45.56
2019,Fall,"MW 100-150, TR 1230-0120",27,72.29,C,51,67,65,89,79,76.47,65
2019,Fall,MTWR 200-250,30,90.67,A,90,94,92,90,89,92.5,83.33
2019,Fall,MTWR 200-250,30,67.82,D,41,60,83,51,74,74.71,100
2019,Spring,"MW 200-315, F 200-250 (sched error)",20,32.62,F,88,37,47,n/a,0,11.05,72.22
2019,Spring,"MW 100-150, TR 1230-0120",26,50.54,F,48,14,57,n/a,44.5,61,84.17
2019,Fall,"MW 100-150, TR 1230-0120",27,90.31,A,85,90,98,80,97,88.24,85.71
2019,Spring,"MW 200-315, F 200-250 (sched error)",20,54.88,F,51,44,64,n/a,68,26.32,74.62
2019,Fall,"MW 100-150, TR 1230-0120",27,76.63,C,62,80,85,53,86,76.88,95
2019,Fall,"MW 100-150, TR 1230-0120",27,81.29,B,86,64,92,96,84,71.76,73.68
2019,Fall,"MW 100-150, TR 1230-0120",27,76.8,C,86,67,80,85,83,61.25,80.95
2019,Fall,"MW 100-150, TR 1230-0120",27,20.93,F,25,47,34,0,0,14.62,95.24
2019,Spring,"MW 100-150, TR 1230-0120",26,34.69,F,52,70,0,n/a,0,49,81
2019,Spring,"MW 100-150, TR 1230-0120",26,83.99,B,80,93,95,n/a,62,100,95.19
2019,Fall,MTWR 200-250,30,88.49,B,82,81,85,95,97,83.13,94.74
2019,Spring,"MW 100-150, TR 1230-0120",26,61.77,D,82,58,78,n/a,41,65,65.83
2019,Spring,"MW 100-150, TR 1230-0120",26,89.72,B,71,94,87,n/a,88.5,99,97.41
2019,Spring,"MW 200-315, F 200-250 (sched error)",20,61.55,D,80,81,83,n/a,45.5,35.79,84.12
2019,Fall,MTWR 200-250,30,75.85,C,82,50,77,89,69,81.76,100
2019,Fall,MTWR 200-250,30,71.22,C,74,88,73,75,63,61.25,89.47
2019,Spring,"MW 200-315, F 200-250 (sched error)",20,87.06,B,88,49,86,n/a,92.5,98.42,97.89
2019,Fall,MTWR 200-250,30,75.57,C,74,70,86,60,71,84.12,95
2019,Fall,"MW 100-150, TR 1230-0120",27,63.15,D,63,69,46,61,59,67.65,100
2019,Fall,MTWR 200-250,30,87.1,B,78,83,89,68,96,91.76,100
2019,Spring,"MW 200-315, F 200-250 (sched error)",20,65.55,D,81,49,62,n/a,50,74.74,100
2019,Spring,"MW 100-150, TR 1230-0120",26,74.8,C,64,85,70,n/a,64.5,82,96.67
2019,Spring,"MW 100-150, TR 1230-0120",26,67.93,D,49,60,68,n/a,51.5,97,90.83
2019,Fall,MTWR 200-250,30,83.29,B,75,78,84,72,89,87.06,100
2019,Fall,MTWR 200-250,30,92.57,A,92,78,94,100,93,94.12,100
2019,Spring,"MW 100-150, TR 1230-0120",26,30.2,F,27,43,0,n/a,0,57,90
2019,Fall,"MW 100-150, TR 1230-0120",27,55.58,F,87,28,13,62,64,62.5,66.67
2019,Fall,"MW 100-150, TR 1230-0120",27,88.65,B,88,69,93,92,90,94.38,90.48
2019,Fall,MTWR 200-250,30,74.88,C,67,77,75,71,81,69.38,90
2019,Fall,MTWR 200-250,30,74.31,C,49,84,86,70,84,64.67,85
2019,Spring,"MW 100-150, TR 1230-0120",26,74.88,C,75,67,80,n/a,57,92,94.64
2019,Spring,"MW 100-150, TR 1230-0120",26,56.02,F,77,35,25,n/a,54,59,95
2019,Fall,MTWR 200-250,30,71.25,C,49,64,91,95,52,81.88,90
2019,Spring,"MW 200-315, F 200-250 (sched error)",20,93.81,A,89,93,96,n/a,89.5,99.47,100
2019,Spring,"MW 200-315, F 200-250 (sched error)",20,77.53,C,68,94,95,n/a,68.5,65.26,93.16
2019,Fall,MTWR 200-250,30,86.83,B,90,93,85,93,81,90.63,66.67
2019,Spring,"MW 100-150, TR 1230-0120",26,61.21,D,63,89,60,n/a,40,62,76.67
2019,Fall,MTWR 200-250,30,48.88,F,48,56,88,22,28,50.63,100
2019,Fall,"MW 100-150, TR 1230-0120",27,6.86,F,16,0,0,0,0,5,42.86
2019,Fall,MTWR 200-250,30,92.07,A,96,82,94,93,90,94.71,100
2019,Fall,"MW 100-150, TR 1230-0120",27,65.71,D,71,46,78,27,66,84.71,90.48
2019,Spring,"MW 200-315, F 200-250 (sched error)",20,97.72,A,94,100,99,n/a,98,97.5,99.5
2019,Fall,"MW 100-150, TR 1230-0120",27,82.25,B,83,80,92,73,85,78.75,85
2019,Spring,"MW 100-150, TR 1230-0120",26,88.61,B,72,74,80,n/a,98,98,90
2019,Fall,"MW 100-150, TR 1230-0120",27,64.79,D,54,77,56,85,59,58.75,85.71
2019,Fall,MTWR 200-250,30,91.76,A,86,93,97,98,89,88.82,100
2019,Spring,"MW 100-150, TR 1230-0120",26,46.95,F,59,48,36,n/a,26,52,95
2019,Fall,"MW 100-150, TR 1230-0120",27,67.74,D,72,71,89,88,52,55.63,72.22
2019,Spring,"MW 200-315, F 200-250 (sched error)",20,72.27,C,88,47,57,n/a,91,49.47,89.5
2019,Fall,"MW 100-150, TR 1230-0120",27,54.56,F,56,42,44,89,64,29.38,76.19
2019,Fall,MTWR 200-250,30,38.25,F,49,25,52,4,33,48.75,80
2019,Spring,"MW 100-150, TR 1230-0120",26,10.94,F,45,0,0,n/a,0,12,21.67
2019,Spring,"MW 200-315, F 200-250 (sched error)",20,56.65,F,81,56,60,n/a,24,67.37,94.12
2019,Fall,MTWR 200-250,30,81.32,B,86,69,79,89,76,84.71,100
2019,Fall,MTWR 200-250,30,80.21,B,58,94,99,59,89,75,84.21
2019,Spring,"MW 100-150, TR 1230-0120",26,83,B,86,92,82,n/a,67,96,90.83
2019,Fall,"MW 100-150, TR 1230-0120",27,81.88,B,89,83,93,99,65,77.06,94.44
2019,Fall,MTWR 200-250,30,78.27,C,77,93,92,50,91,62,82.35
2019,Fall,"MW 100-150, TR 1230-0120",27,17.38,F,14,0,0,0,47,3.13,65
2019,Spring,"MW 200-315, F 200-250 (sched error)",20,94.28,A,93,88,96,n/a,91.5,99.47,100
2019,Spring,"MW 200-315, F 200-250 (sched error)",20,59.09,F,79,50,50,n/a,51,51,94.5
2019,Fall,MTWR 200-250,30,73.29,C,74,64,81,58,73,77.06,100
2019,Fall,"MW 100-150, TR 1230-0120",27,68,D,71,75,93,48,54,71.25,87.5
2019,Spring,"MW 200-315, F 200-250 (sched error)",20,92.53,A,95,86,93,n/a,88,98,100
2019,Spring,"MW 100-150, TR 1230-0120",26,85.03,B,94,89,78,n/a,76,88,95
2019,Spring,"MW 100-150, TR 1230-0120",26,72.44,C,72,47,76,n/a,56.5,99,95.83
2019,Spring,"MW 100-150, TR 1230-0120",26,81.56,B,89,85,87,n/a,56.5,100,96.15
2019,Spring,"MW 100-150, TR 1230-0120",26,70.38,C,56,82,68,n/a,52,89,88.46
2020,Fall,MTWR 200-250,33,83.93,B,83,66,92,n/a,90.5,82.67,100
2020,Fall,MTWR 200-250,33,65.27,D,82,88,53,n/a,65.5,53.33,33.33
2020,Spring,"MW 100-150, TR 1230-0120, then online (COVID)",13,85.3,B,62,101,75,95,80,90,none
2020,Spring,"MTWR 200-250, then online (COVID)",23,86.48,B,85,,65,100,88,87.14,none
2020,Fall,MTWR 200-250,33,89.35,B,86,77,96,n/a,85.5,96,100
2020,Fall,"MW 100-150, TR 1230-0120",35,79.62,C,86,81,98,n/a,62.5,73.33,92.31
2020,Spring,"MW 100-150, TR 1230-0120, then online (COVID)",13,46.12,F,25,20,40,70,48,45.38,none
2020,Spring,"MTWR 200-250, then online (COVID)",23,4.17,F,0,0,0,0,0,0,none
2020,Fall,MTWR 200-250,33,70.55,C,60,82,58,n/a,67.5,76.67,90.91
2020,Spring,"MTWR 200-250, then online (COVID)",23,70,C,59,66,55,80,48,90,none
2020,Fall,"MW 100-150, TR 1230-0120",35,59.58,F,59,27,69,n/a,,69.33,90
2020,Fall,"MW 100-150, TR 1230-0120",35,91.1,A,75,95,94,n/a,90.5,96,100
2020,Spring,"MW 100-150, TR 1230-0120, then online (COVID)",13,61.54,D,51,43,80,95,68,42.14,none
2020,Spring,"MW 100-150, TR 1230-0120, then online (COVID)",13,92.87,A,88,70,95,95,100,93.57,none
2020,Fall,MTWR 200-250,33,61.73,D,52,9,87,n/a,72,74.67,80
2020,Spring,"MTWR 200-250, then online (COVID)",23,84.91,B,90,82,90,95,92,70.71,none
2020,Fall,MTWR 200-250,33,78.77,C,82,73,72,n/a,65.5,91.33,100
2020,Fall,MTWR 200-250,33,73.23,C,68,68,0,n/a,72,79.33,100
2020,Fall,MTWR 200-250,33,46.33,F,52,42,41,n/a,30,51.33,100
2020,Fall,"MW 100-150, TR 1230-0120",35,86.35,B,91,98,92,n/a,68,85.33,91.67
2020,Fall,"MW 100-150, TR 1230-0120",35,93.12,A,100,100,86,n/a,100,83.33,92.31
2020,Spring,"MTWR 200-250, then online (COVID)",23,33.04,F,65,59,45,0,0,37.14,none
2020,Fall,"MW 100-150, TR 1230-0120",35,82.7,B,81,62,92,n/a,78.5,91.33,100
2020,Spring,"MTWR 200-250, then online (COVID)",23,94.5,A,96,84,90,100,96,95,none
2020,Spring,"MW 100-150, TR 1230-0120, then online (COVID)",13,39.01,F,54,34,65,0,68,5.71,none
2020,Fall,"MW 100-150, TR 1230-0120",35,78.27,C,82,80,65,n/a,85.5,77.33,80
2020,Spring,"MW 100-150, TR 1230-0120, then online (COVID)",13,74.79,C,49,66,70,80,72,84.29,none
2020,Spring,"MTWR 200-250, then online (COVID)",23,17.5,F,12,38,30,0,0,15,none
2020,Fall,"MW 100-150, TR 1230-0120",35,71.33,C,69,75,61,n/a,60,80.67,100
2020,Spring,"MTWR 200-250, then online (COVID)",23,93.91,A,89,98,90,95,92,95.71,none
2020,Spring,"MW 100-150, TR 1230-0120, then online (COVID)",13,85.81,B,82,99,75,95,68,95.71,none
2020,Fall,"MW 100-150, TR 1230-0120",35,81.67,B,75,90,81,n/a,82.5,76.67,100
2020,Fall,MTWR 200-250,33,85.07,B,70,90,86,n/a,77,94.67,100
2020,Fall,"MW 100-150, TR 1230-0120",35,67.68,D,91,53,65,n/a,52,71.33,92.31
2020,Fall,MTWR 200-250,33,65.28,D,79,54,49,n/a,59.5,74,90.91
2020,Fall,MTWR 200-250,33,84.43,B,89,69,92,n/a,90.5,78.67,100
2020,Fall,MTWR 200-250,33,91.93,A,95,92,97,n/a,75.5,98,100
2020,Spring,"MW 100-150, TR 1230-0120, then online (COVID)",13,67.96,D,84,92,40,70,44,77.86,none
2020,Fall,"MW 100-150, TR 1230-0120",35,75.72,C,69,71,71,n/a,68,89.33,92.31
2020,Fall,MTWR 200-250,33,98,A,95,100,100,n/a,95,99.33,100
2020,Fall,"MW 100-150, TR 1230-0120",35,85.4,B,82,87,85,n/a,72,94.67,100
2020,Spring,"MTWR 200-250, then online (COVID)",23,65.37,D,31,44,48,80,84,63.57,none
2020,Spring,"MTWR 200-250, then online (COVID)",23,82.4,B,29,40,95,95,92,95,none
2020,Spring,"MTWR 200-250, then online (COVID)",23,50.75,F,86,,95,85,0,34.29,none
2020,Fall,"MW 100-150, TR 1230-0120",35,93.4,A,87,97,96,n/a,97,89.33,100
2020,Fall,MTWR 200-250,33,85.97,B,88,78,82,n/a,79,95.33,100
2020,Fall,MTWR 200-250,33,78.4,C,88,70,58,n/a,89.5,78,100
2020,Spring,"MTWR 200-250, then online (COVID)",23,88.66,B,75,83,50,100,100,92.86,none
2020,Fall,"MW 100-150, TR 1230-0120",35,76.77,C,100,93,95,n/a,90,26.43,83.33
2020,Fall,"MW 100-150, TR 1230-0120",35,79.2,C,84,93,55,n/a,66,92.67,83.33
2020,Fall,"MW 100-150, TR 1230-0120",35,91.43,A,86,93,98,n/a,83,94.67,100
2020,Spring,"MTWR 200-250, then online (COVID)",23,95.26,A,84,75,100,100,100,97.86,none
2020,Spring,"MTWR 200-250, then online (COVID)",23,79.03,C,75,81,100,100,92,51.43,none
2020,Spring,"MTWR 200-250, then online (COVID)",23,87.83,B,76,78,70,85,92,96.43,none
2020,Spring,"MW 100-150, TR 1230-0120, then online (COVID)",13,96.74,A,100,96,95,95,96,97.14,none
2020,Fall,"MW 100-150, TR 1230-0120",35,73.96,C,54,88,80,n/a,72,73.33,84.62
2020,Fall,MTWR 200-250,33,97.53,A,95,94,100,n/a,98.5,98.67,100
2020,Fall,MTWR 200-250,33,78.09,C,91,72,84,n/a,65,79.33,81.82
2020,Fall,MTWR 200-250,33,31.64,F,60,27,0,n/a,0,24,77.78
2020,Spring,"MTWR 200-250, then online (COVID)",23,35.14,F,22,53,5,70,46,12.14,none
2020,Fall,MTWR 200-250,33,90.63,A,95,78,99,n/a,81.5,96,100
2020,Fall,"MW 100-150, TR 1230-0120",33,56.11,F,76,53,73,n/a,67,18,90.91
2020,Fall,"MW 100-150, TR 1230-0120",35,70.48,C,83,48,71,n/a,47,91.33,91.67
2020,Fall,MTWR 200-250,33,89,B,88,82,87,n/a,82.5,98.67,100
2020,Fall,"MW 100-150, TR 1230-0120",35,95.13,A,95,94,94,n/a,91.5,98.67,100
2020,Fall,MTWR 200-250,33,76.37,C,80,73,79,n/a,61,84,90
2020,Fall,"MW 100-150, TR 1230-0120",35,82.93,B,83,87,85,n/a,63,91.33,100
2020,Fall,MTWR 200-250,33,50.23,F,70,44,44,n/a,37,46,100
2020,Fall,"MW 100-150, TR 1230-0120",35,90.53,A,94,92,86,n/a,89,92.67,84.62
2020,Fall,"MW 100-150, TR 1230-0120",35,79.7,C,88,80,74,n/a,63.5,86.67,100
2020,Fall,"MW 100-150, TR 1230-0120",35,77.33,C,69,71,90,n/a,70,83.33,83.33
2020,Spring,"MTWR 200-250, then online (COVID)",23,86.33,B,67,27,95,100,100,91.43,none
2020,Spring,"MTWR 200-250, then online (COVID)",23,74.81,C,35,61,85,80,96,65.71,none
2020,Fall,MTWR 200-250,33,89.27,B,84,88,87,n/a,83,98,100
2020,Fall,"MW 100-150, TR 1230-0120",35,96.12,A,95,100,97,n/a,91,98.67,91.67
2020,Spring,"MTWR 200-250, then online (COVID)",23,89.11,B,97,97,80,90,76,95.71,none
2020,Fall,MTWR 200-250,33,80.5,B,96,90,77,n/a,57.5,80.67,100
2020,Fall,"MW 100-150, TR 1230-0120",35,79.16,C,71,70,68,n/a,77,95.71,100
2020,Fall,"MW 100-150, TR 1230-0120",35,60.9,D,87,65,68,n/a,61.5,35.71,60
2020,Spring,"MTWR 200-250, then online (COVID)",23,75.59,C,69,70,100,100,96,42.31,none
2020,Fall,MTWR 200-250,33,82.08,B,70,90,87,n/a,73.5,86.67,90.91
2020,Spring,"MW 100-150, TR 1230-0120, then online (COVID)",13,81.14,B,97,83,85,70,66,87.14,none
2020,Spring,"MTWR 200-250, then online (COVID)",23,88.57,B,93,82,80,95,100,78.57,none
2020,Fall,MTWR 200-250,33,83.47,B,85,72,76,n/a,84,91.33,100
2020,Spring,"MW 100-150, TR 1230-0120, then online (COVID)",13,94.54,A,94,95,95,100,88,97.14,none
2020,Fall,"MW 100-150, TR 1230-0120",35,78.58,C,83,77,81,n/a,82.5,69.33,91.67
2020,Fall,"MW 100-150, TR 1230-0120",35,67.87,D,67,30,74,n/a,65,88.57,84.62
2020,Fall,MTWR 200-250,33,93.37,A,87,100,94,n/a,98.5,87.33,100
2020,Fall,MTWR 200-250,33,86.7,B,81,86,81,n/a,86,92.67,100
2020,Fall,"MW 100-150, TR 1230-0120",35,91.7,A,92,92,91,n/a,88.5,92.67,100
2020,Fall,"MW 100-150, TR 1230-0120",35,88.98,B,80,85,83,n/a,93.5,97.33,92.31
2020,Spring,"MTWR 200-250, then online (COVID)",23,74.14,C,51,39,50,75,92,82.14,none
2020,Fall,"MW 100-150, TR 1230-0120",35,72.82,C,62,54,89,n/a,58.5,89.33,92.31
2020,Fall,"MW 100-150, TR 1230-0120",35,61.24,D,80,63,54,n/a,73,38.57,83.33
2020,Spring,"MTWR 200-250, then online (COVID)",23,83.37,B,28,50,80,95,100,93.57,none
2020,Fall,MTWR 200-250,33,78.2,C,92,92,94,n/a,78.5,48.67,80
2020,Fall,MTWR 200-250,33,73.53,C,85,80,73,n/a,63.5,71.33,66.67
2020,Fall,"MW 100-150, TR 1230-0120",35,98.23,A,97,100,100,n/a,94.5,99.33,100
2020,Spring,"MW 100-150, TR 1230-0120, then online (COVID)",13,25.03,F,66,55,0,0,0,26.43,none
2020,Fall,MTWR 200-250,33,84.49,B,85,93,84,n/a,75.5,87.33,77.78
2020,Spring,"MW 100-150, TR 1230-0120, then online (COVID)",13,22.13,F,5,42,0,0,0,41.43,none
2020,Fall,"MW 100-150, TR 1230-0120",35,89.72,B,85,93,88,n/a,91.5,95,66.67
2020,Fall,"MW 100-150, TR 1230-0120",35,65.95,D,77,64,44,n/a,57,76.67,90.91
2020,Fall,MTWR 200-250,33,83.88,B,89,82,97,n/a,77.5,76.67,90.91
2021,Fall,MTWR 200-250,20,89.65,B,100,85.71428571,92.38095238,77.14285714,89,90,none
2021,Fall,MTWR 100-150,21,73.43,C,49.52380952,65.71428571,61.9047619,91.42857143,61.5,97.42,none
2021,Fall,MTWR 200-250,20,85.23,B,88.57142857,64.76190476,92.38095238,94.28571429,72,98.67,none
2021,Fall,MTWR 200-250,20,76.41,C,85.71428571,44.76190476,81.9047619,84.76190476,61.5,94.48,none
2021,Spring,"MW 100-150, TR 1230-0120",12,43.56,F,57,82,41,n/a,32,16.67,44.44
2021,Fall,MTWR 100-150,21,62.02,D,72.38095238,29.52380952,80,79.04761905,46.5,66.13,none
2021,Spring,"MW 100-150, TR 1230-0120",12,60.88,D,66,64,35,n/a,33.5,100,100
2021,Spring,"MW 100-150, TR 1230-0120",12,61.88,D,57,75,48,n/a,46,76.92,100
2021,Fall,MTWR 200-250,20,99.88,A,100,100,100,99.04761905,100,100,none
2021,Fall,MTWR 200-250,20,81.46,B,87.61904762,75.23809524,86.66666667,85.71428571,64,92.76,none
2021,Fall,MTWR 100-150,21,97.55,A,97.14285714,97.14285714,100,97.14285714,94.5,100,none
2021,Fall,MTWR 200-250,20,80.68,B,84.76190476,60.95238095,89.52380952,85.71428571,70.5,89.67,none
2021,Fall,MTWR 200-250,20,84.12,B,83.80952381,86.66666667,77.14285714,76.19047619,81.5,91.33,none
2021,Fall,MTWR 200-250,20,91.77,A,97.14285714,85.71428571,95.23809524,96.19047619,86,92.41,none
2021,Spring,"MW 100-150, TR 1230-0120",12,76.33,C,69,78,41,n/a,80,100,100
2021,Fall,MTWR 100-150,21,78.43,C,42.85714286,62.85714286,91.42857143,80,89,82.67,none
2021,Fall,MTWR 100-150,21,96.75,A,97.14285714,93.33333333,96.19047619,93.33333333,97,100,none
2021,Fall,MTWR 100-150,21,77.96,C,67.61904762,69.52380952,84.76190476,79.04761905,65.5,94.84,none
2021,Fall,MTWR 200-250,20,76.01,C,85.71428571,80.95238095,58.0952381,75.23809524,61.5,90.67,none
2021,Spring,"MW 100-150, TR 1230-0120",12,99.33,A,100,99,100,n/a,98,100,100
2021,Fall,MTWR 100-150,21,72.15,C,78,42,84,96,70.5,69.03,none
2021,Fall,MTWR 200-250,20,88.3,B,87.61904762,88.57142857,100,79.04761905,93.5,77.59,none
2021,Fall,MTWR 100-150,21,89.46,B,89.52380952,84.76190476,96.19047619,82.85714286,91.5,87.1,none
2021,Fall,MTWR 200-250,20,18.86,F,94.28571429,0,0,0,0,10.36,none
2021,Spring,"MW 100-150, TR 1230-0120",12,69.15,D,45,84,55,n/a,55,98.67,100
2021,Spring,"MW 100-150, TR 1230-0120",12,70.25,C,74,72,70,n/a,37,100,100
2021,Spring,"MW 100-150, TR 1230-0120",12,91.99,A,99,92,90,n/a,89.5,100,55.56
2021,Fall,MTWR 100-150,21,78.51,C,82.85714286,66.66666667,80.95238095,89.52380952,68.5,81.94,none
2021,Fall,MTWR 200-250,20,86.24,B,84.76190476,67.61904762,82.85714286,93.33333333,82,98.33,none
2021,Fall,MTWR 100-150,21,92.1,A,97.14285714,100,100,89.52380952,89,82.58,none
2021,Fall,MTWR 100-150,21,97.84,A,97.14285714,93.33333333,100,95.23809524,98.5,100,none
2021,Fall,MTWR 100-150,21,95.73,A,93.33333333,96.19047619,97.14285714,97.14285714,92.5,98.15,none
2021,Fall,MTWR 200-250,20,84.97,B,87.61904762,91.42857143,89.52380952,92.38095238,79,75.52,none
2021,Spring,"MW 100-150, TR 1230-0120",12,98.42,A,100,98,100,n/a,95,100,100
2021,Spring,"MW 100-150, TR 1230-0120",12,91.11,A,93,90,94,n/a,91.5,85.33,100
2021,Fall,MTWR 100-150,21,90,A,92.38095238,78.0952381,98.0952381,80.95238095,85.5,99.68,none
2021,Fall,MTWR 100-150,21,95.49,A,93.33333333,100,100,99.04761905,98,86.77,none
2021,Fall,MTWR 100-150,21,95.16,A,95.23809524,95.23809524,100,92.38095238,90,99.03,none
2021,Fall,MTWR 100-150,21,93.13,A,83.80952381,97.14285714,99.04761905,91.42857143,93,92.26,none
2021,Fall,MTWR 100-150,21,96.21,A,99.04761905,98.0952381,96.19047619,91.42857143,93.5,98.71,none
2021,Fall,MTWR 200-250,20,81.22,B,90.47619048,65.71428571,81.9047619,79.04761905,71,94.14,none
2021,Fall,MTWR 200-250,20,95.41,A,93.33333333,88.57142857,96.19047619,96.19047619,94.5,100,none
2021,Fall,MTWR 200-250,20,76.99,C,91.42857143,91.42857143,89.52380952,73.33333333,41.5,92,none
2021,Spring,"MW 100-150, TR 1230-0120",12,31.89,F,70,65,0,n/a,0,35.83,44.44
2021,Fall,MTWR 100-150,21,84.2,B,85.71428571,80.95238095,88.57142857,80,72,96.45,none
2021,Spring,"MW 100-150, TR 1230-0120",12,96.42,A,99,94,96,n/a,93,100,100
2021,Fall,MTWR 100-150,21,33.34,F,95.23809524,75.23809524,0,0,0,35.16,none
2021,Fall,MTWR 100-150,21,91.76,A,88.57142857,88.57142857,95.23809524,95.23809524,83.5,99.68,none
2021,Fall,MTWR 200-250,20,61.3,D,63.80952381,64.76190476,74.28571429,59.04761905,49.5,55.93,none
2021,Fall,MTWR 100-150,21,82.51,B,59.04761905,65.71428571,82.85714286,96.19047619,81.5,95.81,none
2021,Fall,MTWR 200-250,20,90.9,A,99.04761905,90.47619048,85.71428571,89.52380952,82,99,none
2021,Fall,MTWR 200-250,20,74.21,C,77.14285714,54.28571429,78.0952381,90.47619048,53.5,91.67,none
2021,Fall,MTWR 200-250,20,76.36,C,68.57142857,60.95238095,59.04761905,98.0952381,77,81.38,none
2022,Spring,MTWR 100-150,14,76.99,C,74,77,83,n/a,79,none,72.97
2022,Spring,MTWR 100-150,14,91,A,91,82,97,n/a,84,none,100
2022,Spring,MTWR 100-150,14,84.38,B,97,75,91,n/a,73,none,89.19
2022,Spring,MTWR 100-150,14,66.14,D,64,47,66,n/a,79,none,67.57
2022,Spring,MTWR 100-150,14,40.33,F,90,77,0,n/a,0,none,50
2022,Spring,MTWR 100-150,14,79.07,C,103,94,67,n/a,70,none,70.27
2022,Spring,MTWR 100-150,14,92.92,A,105,85,84,n/a,89,none,100
2022,Spring,MTWR 100-150,14,102.67,A,105,105,103,n/a,102,none,100
2022,Spring,MTWR 100-150,14,83,B,99,88,67,n/a,77,none,85.68
2022,Spring,MTWR 100-150,14,86.5,B,81,81,87,n/a,80,none,100
2022,Spring,MTWR 100-150,14,94.67,A,99,88,99,n/a,88,none,100
2022,Spring,MTWR 100-150,14,77.8,C,90,99,65,n/a,67,none,74.86
2022,Spring,MTWR 100-150,14,75.32,C,49,73,81,n/a,70,none,95.95
2022,Spring,MTWR 100-150,14,81.98,B,92,91,80,n/a,85,none,67.57
